CODIGO_AREA;CODIGO_CANDIDATO;CODIGO_ESCOLARIDADE;CODIGO_GENERO;CODIGO_ESTADO_CIVIL;IDADE;FILHOS;DEFICIENCIA;CNH;DISP_VIAJAR;VEICULO_PROPRIO;POSSUI_EXPERIENCIA;INGLES;ESPANHOL;PRIMEIRO_EMPREGO;FUMANTE;APROVADO
22;2723145;4;2;0;22;1;0;0;0;0;0;0;0;0;0;0
22;660761;11;2;0;33;2;0;0;1;0;1;1;0;0;2;0
22;1656722;6;2;0;47;0;0;0;0;0;1;0;0;0;2;0
22;232129;10;2;2;44;1;0;0;0;0;1;1;0;0;0;0
22;2909691;6;2;0;28;0;0;0;1;0;0;0;0;0;0;0
22;792649;6;2;0;25;0;0;0;1;0;1;1;0;0;2;0
22;2843827;6;2;0;22;0;0;0;1;0;0;0;0;0;0;0
22;926652;7;2;0;38;2;0;0;0;0;1;0;0;0;2;0
22;1859528;6;2;0;33;0;0;0;1;0;1;0;0;0;2;0
22;2156239;11;2;0;32;0;0;0;1;0;1;0;0;0;2;0
22;751475;11;2;1;33;0;0;0;0;0;1;3;3;0;2;0
22;2510799;10;2;0;19;0;0;0;0;0;1;0;0;0;2;0
22;2950032;9;2;2;38;0;0;3;1;1;0;0;0;0;0;0
22;1704377;6;2;0;25;1;0;0;1;0;1;0;0;0;2;0
22;2950052;6;2;0;34;2;0;0;1;0;0;0;0;0;0;0
22;2901436;6;2;1;25;0;0;2;0;1;0;0;0;0;0;0
22;1549419;6;2;0;18;0;0;0;0;0;1;0;0;0;2;0
22;1545797;6;2;1;24;0;0;0;1;0;1;0;0;0;2;0
22;2932558;3;2;0;22;1;0;0;1;0;0;0;0;0;0;0
22;1306470;6;2;1;27;0;0;0;1;0;1;0;0;0;2;0
22;2950209;11;2;0;36;1;0;0;0;0;0;0;0;0;0;0
22;2052240;10;2;0;25;0;0;2;1;1;1;0;0;0;2;0
22;2948990;0;2;0;23;0;0;0;0;0;0;0;0;0;0;0
22;2949630;2;1;0;24;1;0;0;1;0;0;0;0;0;0;0
22;1562906;6;2;0;25;0;0;0;0;0;1;0;0;0;2;0
22;2435309;11;2;0;22;0;0;0;1;0;1;0;0;0;2;0
22;146676;7;2;2;61;2;0;0;1;0;1;0;0;0;2;0
22;2741866;6;2;0;20;0;0;0;0;0;0;0;0;1;0;0
22;1055228;11;2;0;34;0;0;2;1;0;1;1;0;0;2;0
22;886505;6;2;1;27;1;0;0;0;0;1;0;1;0;2;0
22;81804;7;2;0;41;0;0;0;1;0;1;1;0;0;0;0
22;2900968;6;2;0;30;2;0;0;0;0;0;0;0;0;0;0
22;2920609;6;2;0;22;0;0;0;0;0;0;0;0;0;0;0
22;2950276;10;2;0;29;0;0;2;1;0;0;0;0;0;0;0
22;799480;12;2;0;35;0;0;0;1;0;1;4;3;0;2;0
22;2936987;10;2;0;19;0;0;0;0;0;0;0;0;1;0;0
22;2005560;9;2;2;39;1;0;0;0;0;1;1;1;0;2;0
22;949597;6;2;0;38;0;0;0;0;0;1;0;0;0;2;0
22;2324627;9;2;0;28;0;0;0;0;0;1;0;0;0;2;0
22;499413;6;2;0;42;0;0;0;1;0;1;1;1;0;0;0
22;2748747;6;2;2;38;3;0;0;1;0;0;0;0;0;0;0
22;2950222;6;2;0;33;2;0;0;0;0;0;0;0;0;0;0
22;2950732;11;2;0;27;0;0;0;1;0;0;0;0;0;0;0
22;2950735;11;2;0;26;0;0;0;1;0;0;0;0;0;0;0
22;2545677;6;1;0;28;0;0;0;0;0;0;0;0;0;0;0
22;2945826;4;1;0;22;0;0;0;0;0;0;0;0;1;0;0
22;2950795;6;2;1;28;0;0;0;1;0;0;0;0;0;0;0
22;2950799;6;2;1;39;3;0;0;0;1;0;0;0;0;0;0
22;2915785;6;2;0;43;0;0;0;1;0;0;0;0;0;0;0
22;2528384;10;2;0;44;0;0;2;1;0;0;0;0;0;0;0
22;1322172;6;2;0;21;0;0;0;1;0;1;0;0;1;2;0
22;2950843;6;2;0;23;0;0;0;0;0;0;0;0;1;0;0
22;2489476;6;1;0;21;0;0;0;1;0;0;0;0;1;0;0
22;2087471;11;2;0;24;0;0;2;0;0;1;0;0;0;2;0
22;1338431;8;2;1;24;0;0;0;0;0;1;1;3;0;2;0
22;2418536;6;2;0;29;1;0;0;1;0;0;0;0;0;0;0
22;2022287;9;2;1;34;0;0;0;0;0;1;1;0;0;2;0
22;1357084;6;2;0;43;1;0;2;0;1;1;1;1;0;2;0
22;2647558;10;2;0;19;0;0;0;1;0;0;0;0;0;0;0
22;2950792;11;2;0;29;0;0;2;1;0;0;0;0;0;0;0
22;1585778;3;2;0;39;0;0;0;0;0;1;0;0;0;2;0
22;2075806;10;2;0;23;0;0;2;1;0;1;5;1;0;2;0
22;2906974;6;2;0;28;0;0;0;0;0;0;0;0;0;0;0
22;2945210;11;2;0;22;0;0;2;1;0;0;0;0;0;0;0
22;2870355;5;1;0;18;0;0;0;0;0;0;0;0;1;0;0
22;2727292;6;2;0;25;0;0;0;1;0;0;0;0;0;0;0
22;1321128;9;2;0;39;0;0;0;1;0;1;1;1;0;2;0
22;2926986;10;2;0;25;0;0;0;0;0;0;0;0;1;0;0
22;762881;3;1;1;38;0;0;0;1;0;1;1;0;0;2;0
22;2664719;6;2;0;27;1;0;0;0;0;0;0;0;0;0;0
22;2946438;6;2;0;28;0;0;0;1;0;0;0;0;1;0;0
22;2903488;11;2;0;29;0;0;0;1;0;0;0;0;0;0;0
22;2951233;6;2;1;31;0;0;0;0;0;0;0;0;0;0;0
22;2816446;9;2;0;26;1;0;2;1;0;0;0;0;0;0;0
22;2951316;10;2;0;20;0;0;0;1;0;0;0;0;1;0;0
3;1050131;6;1;0;23;0;0;0;1;0;1;0;0;0;2;0
3;2451530;6;2;0;21;0;0;0;1;0;0;0;0;1;0;0
3;2949736;6;1;0;27;1;0;0;0;0;0;0;0;0;0;0
3;2333830;6;2;0;29;0;0;0;1;0;1;0;0;0;2;0
3;703482;9;1;0;37;0;0;0;1;0;1;1;1;0;2;0
3;208953;11;2;2;49;0;0;0;1;0;1;3;0;0;0;0
3;2045136;11;2;1;31;0;0;0;0;0;1;1;0;0;2;0
3;2618914;7;1;0;22;0;0;0;1;0;0;0;0;0;0;0
3;1704377;6;2;0;25;1;0;0;1;0;1;0;0;0;2;0
3;987943;6;1;0;27;1;0;0;1;0;1;0;0;0;2;0
3;2950063;6;1;0;39;0;0;0;0;0;0;0;0;0;0;0
3;2948860;7;2;0;22;1;0;0;0;0;0;0;0;0;0;0
3;1849763;6;2;1;30;2;0;0;0;0;1;0;0;1;2;0
3;2950163;11;2;0;41;1;0;0;1;0;0;0;0;0;0;0
3;2520055;6;1;0;26;1;0;2;0;0;0;0;0;0;0;0
3;1693786;9;1;0;24;0;0;0;1;0;1;1;1;0;2;0
3;2586531;6;2;1;28;1;0;0;0;0;0;0;0;0;0;0
3;2942067;6;2;0;28;1;0;0;0;0;0;0;0;0;0;0
3;2950457;6;2;0;32;1;0;2;1;0;0;0;0;0;0;0
3;1451410;10;2;0;32;0;0;0;0;0;1;0;0;0;2;0
3;2950276;10;2;0;29;0;0;2;1;0;0;0;0;0;0;0
3;2505173;6;2;0;22;0;0;0;0;0;0;0;0;0;0;0
3;2005560;9;2;2;39;1;0;0;0;0;1;1;1;0;2;0
3;2324627;9;2;0;28;0;0;0;0;0;1;0;0;0;2;0
3;1969799;6;1;1;40;2;0;0;1;0;1;0;0;0;2;0
3;1736069;6;2;2;39;1;0;0;1;0;1;0;0;0;2;0
3;2950427;6;2;0;22;0;0;0;0;0;0;0;0;0;0;0
3;2519812;6;2;0;32;1;0;0;0;0;0;0;0;0;0;0
3;2950802;6;1;1;26;1;0;0;1;0;0;0;0;0;0;0
3;2787127;4;2;0;20;0;0;0;1;0;0;0;0;0;0;0
3;2022287;9;2;1;34;0;0;0;0;0;1;1;0;0;2;0
3;970614;6;2;0;38;0;0;0;0;0;1;0;0;0;2;0
3;1455109;10;1;0;22;0;0;3;1;0;1;1;1;0;2;0
3;1085701;9;1;0;25;0;0;2;1;0;1;0;0;0;2;0
3;2423230;6;2;0;37;1;0;0;1;0;0;0;0;0;0;0
3;224622;6;2;0;28;0;0;0;0;0;1;0;0;0;2;0
3;2934989;6;1;0;31;2;0;0;1;0;0;0;0;0;0;0
3;2870355;5;1;0;18;0;0;0;0;0;0;0;0;1;0;0
3;2502262;6;2;0;22;0;0;0;0;0;0;0;0;0;0;0
3;2503338;6;1;0;23;0;0;5;1;0;0;0;0;0;0;0
3;2492327;6;2;0;22;0;0;0;0;0;0;0;0;1;0;0
3;1153702;10;2;0;41;0;0;0;1;0;1;1;0;0;2;0
3;2267830;6;2;0;42;1;0;2;1;0;1;0;0;0;2;0
3;2440538;6;1;0;21;0;0;2;1;1;1;0;0;0;2;0
3;2341749;6;2;0;31;0;0;0;1;0;1;0;0;0;2;0
3;723392;6;2;0;29;1;0;0;0;0;1;0;0;0;2;0
1;1800503;6;1;0;20;0;0;2;1;1;1;1;1;0;2;0
1;1111086;10;2;1;30;0;0;0;0;0;1;0;0;0;2;0
1;9486;12;1;0;47;0;0;0;1;0;1;0;0;0;0;0
1;1749908;11;2;2;42;1;0;2;1;0;1;1;4;0;2;0
1;1028791;6;1;2;26;2;0;3;1;0;1;1;3;0;2;0
1;2949686;12;2;0;28;0;0;2;1;0;0;0;0;0;0;0
1;2945973;10;2;0;25;0;0;0;1;0;0;0;0;0;0;0
1;565389;11;2;0;38;0;0;2;1;0;1;3;1;0;0;0
1;2704709;11;1;0;25;0;0;0;1;1;0;0;0;0;0;0
1;2591796;11;2;1;28;0;0;2;1;1;0;0;0;0;0;0
1;434807;11;2;1;41;3;0;2;1;1;1;4;1;0;2;0
1;2829504;9;2;0;30;0;0;2;1;0;0;0;0;0;0;0
1;287209;10;1;0;24;0;0;0;1;0;1;1;1;0;2;0
1;2949442;10;1;0;23;0;0;0;1;0;0;0;0;0;0;0
1;90461;11;2;2;47;2;0;0;1;0;1;4;1;0;2;0
1;2855262;6;1;0;24;0;0;0;0;0;0;0;0;0;0;0
1;394012;11;2;1;30;0;0;2;1;0;1;0;0;1;0;0
1;488036;11;2;0;32;0;0;2;1;0;1;4;1;0;2;0
1;1422697;12;2;0;42;0;0;2;1;0;1;0;0;0;2;0
1;1157978;6;1;0;22;0;0;0;1;0;1;0;0;0;2;0
1;645209;12;1;0;26;0;0;0;1;0;1;0;0;0;2;0
1;785990;8;1;0;24;0;0;2;1;0;1;2;1;0;2;0
1;2241983;9;2;0;34;0;0;2;1;1;1;1;1;0;2;0
1;1919542;12;2;0;40;0;0;2;1;0;1;1;3;0;2;0
1;2075930;11;1;0;53;0;0;0;1;0;1;1;1;0;2;0
1;1627897;11;2;1;54;2;0;2;0;1;1;1;0;0;2;0
1;696935;11;2;0;24;0;0;0;0;0;1;0;0;0;2;0
1;2238448;11;1;0;26;0;0;3;1;0;1;0;0;0;2;0
1;374983;12;1;0;39;0;0;2;1;0;1;4;1;0;0;0
1;2333194;10;1;1;43;1;0;0;0;0;1;0;0;0;2;0
29;834265;6;2;0;24;0;0;0;1;0;1;0;0;0;2;0
29;486737;6;2;0;37;0;0;0;0;0;1;0;0;0;0;0
29;2699075;10;1;0;21;0;0;0;1;0;0;0;0;0;0;0
29;2262721;10;1;0;29;0;0;0;1;0;1;1;0;0;2;0
29;1879584;6;2;0;23;0;0;0;1;0;1;1;0;0;2;0
29;2925317;10;2;0;31;0;0;2;1;0;0;0;0;0;0;0
29;2949443;6;2;0;19;0;0;0;0;0;0;0;0;0;0;0
29;2149807;9;2;1;48;2;0;0;1;0;1;1;0;0;2;0
29;573646;11;1;0;34;0;0;2;1;0;1;1;0;0;2;0
29;1651524;6;2;0;26;1;0;0;0;0;1;0;0;0;2;0
29;2830292;6;1;0;20;0;0;3;1;0;0;0;0;1;0;0
29;93718;11;2;0;33;0;0;0;0;0;1;0;0;0;0;0
29;1719880;6;2;0;22;0;0;0;0;0;1;1;1;0;2;0
29;102556;11;2;0;36;1;0;0;0;0;1;0;0;0;0;0
29;2911331;10;1;0;36;0;0;0;1;0;0;0;0;0;0;0
29;2949609;6;1;0;31;1;0;2;1;1;0;0;0;0;0;0
29;566259;6;2;0;22;1;0;0;0;0;1;0;0;0;0;0
29;58030;6;2;0;26;0;0;0;1;0;1;3;0;0;2;0
29;2383987;8;2;0;30;0;0;0;1;0;1;0;0;0;2;0
29;724614;6;1;0;34;0;0;0;1;0;1;0;0;0;2;0
29;117401;11;2;0;27;0;0;2;0;0;1;0;0;0;2;0
29;2881137;6;1;0;20;0;0;3;1;1;0;0;0;0;0;0
29;1571877;5;1;0;21;0;0;0;1;0;1;1;0;0;2;0
29;2519534;6;1;0;18;0;0;0;0;0;0;0;0;1;0;0
29;1844467;6;2;0;22;0;0;0;1;0;1;1;0;0;2;0
29;2224893;9;2;0;36;0;0;0;0;0;1;0;0;0;2;0
29;2539951;6;1;0;18;0;0;0;1;0;0;0;0;0;0;0
29;2266907;8;2;0;32;0;0;0;1;0;1;0;0;0;2;0
29;2321097;6;1;0;24;0;0;0;1;0;1;1;1;0;2;0
29;1416065;11;1;0;23;0;0;2;0;0;1;0;0;0;2;0
29;511973;9;2;2;40;2;0;2;1;0;1;0;0;0;2;0
29;1667328;6;2;0;27;1;0;0;0;0;1;0;0;0;2;0
29;2722848;8;2;0;24;0;0;0;1;0;0;0;0;1;0;0
29;2939711;8;2;0;18;0;0;0;0;0;0;0;0;1;0;0
29;394012;11;2;1;30;0;0;2;1;0;1;0;0;1;0;0
29;2923463;10;2;0;20;0;0;0;0;0;0;0;0;0;0;0
29;2887606;12;2;0;26;0;0;0;0;0;0;0;0;0;0;0
29;2427303;11;2;0;30;0;0;2;1;0;0;0;0;0;0;0
29;2949673;8;2;0;25;1;0;0;0;0;0;0;0;0;0;0
29;1465586;6;2;0;48;0;0;2;1;0;1;0;1;0;1;0
29;377868;11;2;0;34;0;0;0;1;0;1;1;0;0;2;0
29;11321;10;2;0;32;0;0;0;1;0;1;5;0;0;2;0
29;2950223;6;2;0;19;0;0;0;0;0;0;0;0;0;0;0
29;2950238;8;2;1;34;2;0;0;0;0;0;0;0;0;0;0
29;2495523;6;2;0;18;0;0;0;1;0;0;0;0;0;0;0
29;2409031;10;1;0;29;0;0;0;1;0;0;0;0;0;0;0
29;355989;11;2;0;38;0;0;2;1;0;1;1;1;0;2;0
29;2452357;10;1;0;19;0;0;0;1;0;0;0;0;0;0;0
29;1196139;8;2;0;21;0;0;0;1;0;1;1;0;0;2;0
29;2931027;9;2;0;26;1;0;0;0;0;0;0;0;0;0;0
29;1372512;10;2;0;21;0;0;0;0;0;1;2;0;1;2;0
29;1500838;6;1;0;20;0;0;0;0;0;1;0;0;1;2;0
29;1055228;11;2;0;34;0;0;2;1;0;1;1;0;0;2;0
29;1696522;6;2;0;20;0;0;0;1;0;1;1;0;0;2;0
29;351306;6;2;2;32;1;0;2;1;1;1;0;0;0;0;0
29;1921586;11;2;0;43;2;0;2;1;0;1;1;0;0;2;0
29;2520980;11;2;0;26;0;0;0;1;0;0;0;0;0;0;0
29;1697655;6;2;0;39;1;0;0;1;0;1;0;0;0;2;0
29;2928722;6;2;0;20;0;0;2;1;0;0;0;0;0;0;0
29;2556739;9;2;0;23;0;0;0;1;0;0;0;0;0;0;0
29;1027942;11;2;0;36;0;0;0;1;0;1;0;0;0;2;0
29;2041285;10;2;0;20;0;0;0;0;0;1;0;0;0;2;0
29;2427345;10;1;0;20;0;0;3;0;1;1;0;0;0;2;0
29;2950492;10;2;1;43;1;0;2;1;0;0;0;0;0;0;0
29;327341;10;1;0;31;0;0;3;0;1;1;1;0;0;0;0
29;1263042;7;2;3;50;0;0;0;1;0;1;0;0;0;2;0
29;771155;9;2;0;30;2;0;0;0;0;1;1;1;0;2;0
29;2249544;11;2;0;42;0;0;2;0;0;1;0;0;0;2;0
29;1651637;11;2;1;40;1;0;0;0;0;1;0;0;0;2;0
29;1957646;11;2;1;40;0;0;0;0;0;1;0;0;0;2;0
29;246578;10;1;1;34;2;0;0;1;0;1;2;1;0;2;0
29;2820550;9;1;0;22;1;0;2;1;0;0;0;0;0;0;0
29;1831605;4;2;0;20;0;0;0;1;0;1;0;0;0;2;0
29;2680394;6;1;0;19;0;0;0;0;0;0;0;0;0;0;0
29;2950668;6;1;1;20;0;0;0;1;0;0;0;0;0;0;0
29;2855262;6;1;0;24;0;0;0;0;0;0;0;0;0;0;0
29;449586;10;2;0;46;0;0;0;1;0;1;1;1;0;2;0
29;1279100;6;2;0;24;1;0;2;0;0;1;1;1;0;2;0
29;2285358;6;2;1;31;2;0;0;1;0;1;0;0;0;2;0
29;1483907;6;2;0;25;1;0;0;0;0;1;0;0;0;2;0
29;1892919;9;2;1;25;1;0;0;0;0;1;0;1;0;2;0
29;2568314;8;2;0;19;0;0;0;0;0;0;0;0;0;0;0
29;2950782;10;2;0;19;0;0;0;0;0;0;0;0;0;0;0
29;2950261;8;1;0;25;0;0;2;0;1;0;0;0;0;0;0
29;2198849;6;1;0;30;0;0;0;1;0;1;0;1;0;2;0
29;2950870;6;2;0;20;0;0;0;1;0;0;0;0;0;0;0
29;2597120;8;2;0;21;0;0;0;0;0;0;0;0;0;0;0
29;923311;8;2;0;44;0;0;2;1;0;1;0;0;0;2;0
29;1832025;6;2;1;25;1;0;0;0;0;1;0;0;0;2;0
29;2061515;6;2;1;25;0;0;2;0;0;1;0;0;0;2;0
29;2784515;9;2;0;25;0;0;0;1;0;1;0;0;0;2;0
29;2950979;10;1;0;23;0;0;3;1;0;0;0;0;0;0;0
29;36105;10;2;1;33;2;0;2;1;1;1;1;1;0;2;0
29;946738;6;1;0;38;0;0;0;0;0;1;1;1;0;2;0
29;293217;6;1;0;29;0;0;0;0;0;1;0;0;0;0;0
29;1320605;12;1;1;45;0;0;3;1;1;1;3;3;0;2;0
29;2896540;6;1;1;38;0;0;0;0;0;0;0;0;0;0;0
29;1660391;6;2;0;21;0;0;0;0;0;1;0;0;0;2;0
29;437284;6;2;3;39;1;0;0;0;0;1;0;0;0;2;0
29;1653066;6;1;0;23;0;0;2;0;0;1;0;0;0;2;0
29;275928;6;2;0;45;0;0;0;1;0;1;0;0;0;2;0
29;2951221;11;2;0;22;0;0;0;1;0;0;0;0;0;0;0
29;2618295;6;2;0;21;0;0;0;0;0;0;0;0;0;0;0
29;2267519;10;1;0;20;0;0;2;0;1;1;1;1;0;2;0
29;2028694;6;2;0;27;0;0;2;1;1;1;0;0;0;2;0
29;1841645;10;2;0;20;0;0;0;0;0;1;1;4;0;2;0
29;2951275;10;2;0;20;1;0;0;0;0;0;0;0;0;0;0
29;1658145;9;2;0;21;1;0;0;0;0;1;1;1;0;2;0
29;1593510;6;1;0;21;0;0;2;1;1;1;1;0;0;2;0
12;2950045;10;2;0;28;0;0;5;1;1;0;0;0;0;0;0
12;2655718;11;2;1;26;1;0;0;1;0;0;0;0;0;0;0
12;2679702;6;2;0;31;0;0;3;1;0;0;0;0;0;0;0
29;1571877;5;1;0;21;0;0;0;1;0;1;1;0;0;2;0
29;486737;6;2;0;37;0;0;0;0;0;1;0;0;0;0;0
29;2699075;10;1;0;21;0;0;0;1;0;0;0;0;0;0;0
29;2948751;6;2;1;25;1;0;0;0;1;0;0;0;0;0;0
29;2949496;6;2;0;19;0;0;0;0;0;0;0;0;0;0;0
29;2949539;4;1;0;18;0;0;0;0;0;0;0;0;1;0;0
29;2830292;6;1;0;20;0;0;3;1;0;0;0;0;1;0;0
29;1446023;9;1;0;26;0;0;3;1;0;1;1;1;0;2;0
29;2947116;11;2;0;24;0;0;2;1;0;0;0;0;0;0;0
29;2949609;6;1;0;31;1;0;2;1;1;0;0;0;0;0;0
29;2949633;6;1;1;22;0;0;3;1;0;0;0;0;0;0;0
29;2247968;6;1;0;19;0;0;0;1;0;1;1;1;0;2;0
29;1771268;6;1;0;24;0;0;0;0;0;1;1;1;0;2;0
29;2323336;6;1;0;19;0;0;0;1;0;1;0;0;1;2;0
29;10639;6;1;0;32;0;0;3;1;0;1;0;0;0;2;0
29;332082;8;2;1;26;2;0;0;0;0;1;1;0;0;2;0
29;343284;6;2;1;31;1;0;2;0;0;1;1;0;0;0;0
29;2674962;10;1;0;34;0;0;2;1;1;0;0;0;0;0;0
29;2906797;3;1;1;27;1;0;0;0;0;0;0;0;0;0;0
29;885317;11;2;0;26;0;0;0;1;0;1;0;0;0;2;0
29;2009495;9;2;0;20;0;0;0;0;0;1;1;1;0;2;0
29;82305;6;2;0;26;2;0;0;0;0;1;1;0;0;2;0
29;8819;6;1;0;34;0;0;0;1;0;0;1;1;0;2;0
29;293217;6;1;0;29;0;0;0;0;0;1;0;0;0;0;0
29;2519534;6;1;0;18;0;0;0;0;0;0;0;0;1;0;0
29;75279;11;2;2;44;1;0;2;1;0;1;1;0;0;2;0
29;1873237;10;1;0;37;1;0;2;1;0;1;1;1;0;2;0
29;2318478;6;1;0;20;0;0;0;0;0;1;1;0;0;2;0
29;22198;6;2;1;35;1;0;2;0;0;1;0;0;0;2;0
29;2539951;6;1;0;18;0;0;0;1;0;0;0;0;0;0;0
29;2321097;6;1;0;24;0;0;0;1;0;1;1;1;0;2;0
29;1667328;6;2;0;27;1;0;0;0;0;1;0;0;0;2;0
29;946738;6;1;0;38;0;0;0;0;0;1;1;1;0;2;0
29;180350;6;1;0;31;0;0;2;1;1;1;1;0;1;2;0
29;2855262;6;1;0;24;0;0;0;0;0;0;0;0;0;0;0
29;394012;11;2;1;30;0;0;2;1;0;1;0;0;1;0;0
29;351316;11;2;0;25;0;0;2;1;0;1;0;0;0;2;0
29;2427303;11;2;0;30;0;0;2;1;0;0;0;0;0;0;0
29;1447263;6;1;1;55;0;0;0;1;0;1;1;0;0;2;0
29;1834633;6;2;1;26;1;0;2;1;1;1;0;0;0;2;0
29;355989;11;2;0;38;0;0;2;1;0;1;1;1;0;2;0
29;2452357;10;1;0;19;0;0;0;1;0;0;0;0;0;0;0
29;1500838;6;1;0;20;0;0;0;0;0;1;0;0;1;2;0
29;2619954;11;1;0;30;2;0;0;1;0;0;0;0;0;0;0
29;351306;6;2;2;32;1;0;2;1;1;1;0;0;0;0;0
29;2295083;11;2;1;38;2;0;2;0;0;1;0;1;0;2;0
29;2726115;7;1;0;19;0;0;0;1;0;0;0;0;1;0;0
29;473327;10;2;0;22;0;0;0;1;0;1;1;0;0;2;0
29;290818;10;2;0;33;0;0;0;1;0;1;1;0;0;2;0
29;2427345;10;1;0;20;0;0;3;0;1;1;0;0;0;2;0
29;1518816;6;2;0;44;1;0;0;0;0;1;0;0;0;2;0
29;1691226;6;2;0;29;0;0;0;1;0;1;0;0;0;2;0
29;1179006;11;2;0;28;0;0;0;1;0;1;1;1;0;2;0
29;631648;9;2;0;32;1;0;0;1;0;1;1;1;0;2;0
29;692716;6;1;0;32;0;0;3;0;0;1;0;0;0;2;0
29;7957;11;1;0;40;0;0;2;1;0;1;1;0;0;2;0
29;796517;6;2;0;30;0;0;0;0;0;1;1;1;0;2;0
29;2706056;6;2;0;32;2;0;0;0;0;0;0;0;0;0;0
29;2457772;10;2;0;20;1;0;0;0;0;0;0;0;1;0;0
29;2840212;6;1;0;20;0;0;3;1;0;0;0;0;0;0;0
29;2950668;6;1;1;20;0;0;0;1;0;0;0;0;0;0;0
29;2671743;6;2;1;40;0;0;0;0;0;0;0;0;0;0;0
29;681394;6;1;0;25;0;0;0;1;0;1;1;0;0;2;0
29;2095180;6;1;0;19;0;0;0;0;0;1;3;1;1;2;0
29;2676974;6;1;0;19;0;0;0;1;0;0;0;0;0;0;0
29;332933;6;2;1;33;2;0;0;0;0;1;0;0;0;0;0
29;2568314;8;2;0;19;0;0;0;0;0;0;0;0;0;0;0
29;2585070;10;1;0;21;0;0;0;0;0;0;0;0;0;0;0
29;1134056;6;1;0;22;0;0;0;1;0;1;1;0;0;2;0
29;1895586;6;1;0;21;0;0;0;1;0;1;3;3;0;2;0
29;2798614;10;1;0;23;0;0;0;0;0;0;0;0;0;0;0
29;2950870;6;2;0;20;0;0;0;1;0;0;0;0;0;0;0
29;2696521;6;2;0;21;0;0;0;1;0;0;0;0;0;0;0
29;2078976;6;1;0;19;0;0;0;1;0;1;0;0;0;2;0
29;1305549;6;2;0;20;0;0;0;1;0;1;1;0;0;2;0
29;923311;8;2;0;44;0;0;2;1;0;1;0;0;0;2;0
29;2811102;6;1;0;30;0;0;0;0;0;0;0;0;0;0;0
29;2061515;6;2;1;25;0;0;2;0;0;1;0;0;0;2;0
29;2950979;10;1;0;23;0;0;3;1;0;0;0;0;0;0;0
29;2580120;6;2;0;27;0;0;2;0;0;0;0;0;0;0;0
29;36105;10;2;1;33;2;0;2;1;1;1;1;1;0;2;0
29;834265;6;2;0;24;0;0;0;1;0;1;0;0;0;2;0
29;2855644;6;1;1;31;1;0;2;1;0;0;0;0;0;0;0
29;93718;11;2;0;33;0;0;0;0;0;1;0;0;0;0;0
29;1660391;6;2;0;21;0;0;0;0;0;1;0;0;0;2;0
29;1606710;10;2;0;21;0;0;0;1;0;1;1;1;0;2;0
29;1906203;6;1;0;27;0;0;2;1;0;1;0;0;0;2;0
29;2951107;6;1;0;22;0;0;2;1;0;0;0;0;0;0;0
29;1657966;6;1;0;21;0;0;3;1;0;1;0;1;1;2;0
29;2946883;6;1;1;34;0;0;2;0;1;0;0;0;0;0;0
29;1016173;6;2;2;27;0;0;0;1;0;1;0;0;0;2;0
29;2267519;10;1;0;20;0;0;2;0;1;1;1;1;0;2;0
29;1658145;9;2;0;21;1;0;0;0;0;1;1;1;0;2;0
29;2913761;10;1;0;24;0;0;2;0;1;0;0;0;0;0;0
29;1593510;6;1;0;21;0;0;2;1;1;1;1;0;0;2;0
8;35361;11;1;0;33;0;0;2;0;0;1;1;0;0;2;0
8;565389;11;2;0;38;0;0;2;1;0;1;3;1;0;0;0
8;368301;11;2;0;34;0;0;0;1;0;1;5;5;0;2;0
8;90461;11;2;2;47;2;0;0;1;0;1;4;1;0;2;0
29;2566879;6;2;0;22;0;0;0;0;0;0;0;0;0;0;0
29;2794844;12;2;0;25;0;0;2;1;1;0;0;0;0;0;0
29;2870878;11;2;1;40;1;0;0;0;0;0;0;0;0;0;0
29;1347431;12;2;0;31;0;0;0;0;0;1;1;1;0;2;0
29;2700935;12;2;1;40;3;0;2;0;1;0;0;0;0;0;0
29;2000332;11;2;0;41;0;0;0;0;0;1;0;0;0;2;0
29;2950235;12;2;2;40;1;0;2;0;0;0;0;0;0;0;0
29;310889;12;2;0;51;0;0;2;0;0;1;1;0;0;2;0
29;1599232;10;2;0;22;0;0;2;1;0;1;1;0;1;2;0
29;1457162;12;2;0;26;0;0;0;1;0;1;0;0;0;2;0
29;2652444;11;2;0;41;0;0;0;0;0;0;0;0;0;0;0
29;2706379;12;1;2;30;1;0;0;0;0;0;0;0;0;0;0
29;2891969;11;2;0;33;0;0;2;1;1;0;0;0;0;0;0
29;2736809;12;2;1;40;3;0;0;0;1;0;0;0;0;0;0
29;2676382;12;2;0;21;0;0;0;1;0;0;0;0;1;0;0
29;428161;12;2;0;39;1;0;2;0;1;1;0;0;0;0;0
29;2134320;12;2;0;25;0;0;0;1;0;1;3;1;0;2;0
29;1967435;11;2;0;46;0;0;2;0;0;1;0;0;0;2;0
29;1915178;12;2;1;25;0;0;0;1;0;1;1;1;0;2;0
29;189814;12;2;0;37;0;0;2;0;1;1;1;0;0;2;0
29;46838;11;2;1;51;3;0;2;1;0;1;1;1;0;0;0
29;2137149;11;2;0;43;1;0;2;1;0;1;0;0;0;2;0
29;2043566;8;1;0;27;0;0;0;0;0;1;1;0;0;2;0
29;490853;8;2;2;34;0;0;0;1;0;1;0;0;0;2;0
29;2949004;7;2;1;23;0;0;0;1;0;0;0;0;0;0;0
29;517849;11;2;1;36;2;0;0;0;1;1;0;0;0;2;0
29;2368433;7;2;0;20;0;0;0;0;0;0;0;0;0;0;0
29;2949855;6;2;0;21;0;0;0;0;0;0;0;0;0;0;0
29;2935945;6;1;0;23;0;0;1;1;0;0;0;0;0;0;0
29;1614243;7;2;0;34;2;0;0;0;1;1;0;0;0;2;0
29;1963875;9;2;1;32;2;0;0;0;0;1;0;0;0;2;0
29;2233502;8;2;1;28;2;0;2;0;1;1;0;0;0;2;0
29;1581529;8;1;0;24;0;0;0;1;0;1;0;1;0;2;0
29;2543677;6;2;0;45;3;0;0;0;0;0;0;0;0;0;0
29;2950587;8;2;0;32;0;0;0;1;0;0;0;0;0;0;0
29;2848361;8;2;0;21;0;0;0;0;0;0;0;0;1;0;0
29;2735957;6;2;2;30;2;0;0;1;0;0;0;0;1;0;0
29;2899724;9;1;0;30;0;0;0;0;0;0;0;0;0;0;0
29;1320510;6;2;0;38;4;0;2;0;0;1;1;0;0;2;0
29;1745211;6;2;0;24;0;0;2;1;0;1;0;0;0;2;0
29;2929094;11;2;1;36;0;0;0;0;0;0;0;0;0;0;0
29;2896110;8;2;0;29;0;0;0;1;0;0;0;0;0;0;0
29;1595993;10;2;0;20;0;0;0;0;0;1;0;0;1;2;0
29;2871359;8;2;1;30;1;0;0;1;0;0;0;0;0;0;0
29;824746;8;1;0;29;1;0;0;1;0;1;0;0;0;2;0
29;2043566;8;1;0;27;0;0;0;0;0;1;1;0;0;2;0
29;2949855;6;2;0;21;0;0;0;0;0;0;0;0;0;0;0
29;1033155;8;2;2;23;0;0;0;1;0;1;0;0;0;2;0
29;225607;8;2;1;46;2;0;0;0;0;1;0;0;1;2;0
29;2860382;5;2;0;38;2;0;0;0;0;0;0;0;0;0;0
29;2950587;8;2;0;32;0;0;0;1;0;0;0;0;0;0;0
29;2848361;8;2;0;21;0;0;0;0;0;0;0;0;1;0;0
29;2896753;6;2;1;50;0;0;0;1;0;0;0;0;1;0;0
29;2871359;8;2;1;30;1;0;0;1;0;0;0;0;0;0;0
29;677796;6;2;0;31;2;0;0;0;1;1;1;0;0;2;0
29;243539;6;2;1;39;2;0;0;0;0;1;0;0;0;2;0
29;240490;7;2;1;32;0;0;2;0;1;1;1;1;0;2;0
29;2683541;7;2;1;33;2;0;2;0;0;0;0;0;0;0;0
29;1995863;6;2;0;23;1;0;0;0;0;1;1;1;0;2;0
29;2058048;6;2;1;38;2;0;0;0;0;1;0;1;0;2;0
29;2241295;7;2;0;29;0;0;0;0;0;1;0;0;0;2;0
29;359897;7;2;0;48;1;0;2;0;1;1;1;1;0;2;0
29;25665;6;2;2;53;0;0;2;1;1;1;1;1;0;2;0
29;2949855;6;2;0;21;0;0;0;0;0;0;0;0;0;0;0
29;1985676;6;2;1;38;0;0;2;1;1;1;0;0;0;2;0
29;940728;7;2;1;32;0;0;0;0;0;1;0;0;0;2;0
29;2687124;6;2;1;48;3;0;3;1;0;0;0;0;0;0;0
29;1738653;7;1;1;34;2;0;5;0;0;1;1;0;0;2;0
29;2592058;6;2;0;25;0;0;0;1;0;0;0;0;0;0;0
29;1849518;7;1;0;21;0;0;0;0;0;1;0;0;1;2;0
29;2415700;6;2;1;43;2;0;0;0;0;0;0;0;0;0;0
29;1864814;7;1;0;27;0;0;2;0;1;1;0;0;1;2;0
29;871686;8;2;1;53;4;0;0;0;0;1;0;0;1;2;0
29;336688;6;2;1;50;2;0;0;0;0;1;1;0;0;2;0
29;2460573;6;2;0;46;0;0;0;0;0;0;0;0;0;0;0
29;523148;6;2;1;43;0;0;0;0;0;1;0;0;0;2;0
29;1924681;8;2;1;44;0;0;0;1;0;1;0;0;1;2;0
29;293640;6;2;1;51;1;0;0;0;1;1;1;0;0;0;0
29;1461382;6;1;1;45;0;0;2;0;0;1;0;0;0;2;0
29;1960061;6;2;1;33;1;0;0;0;0;1;0;0;0;2;0
29;1195757;6;2;2;47;2;0;2;0;0;1;0;0;0;2;0
29;619572;6;2;1;36;1;0;2;0;0;1;1;1;0;2;0
29;2329952;7;1;0;41;1;0;3;1;1;1;0;0;0;2;0
29;2017064;10;2;0;33;2;0;0;0;1;1;0;0;0;2;0
29;295631;7;2;0;34;3;0;0;0;1;1;0;0;0;2;0
29;2215231;7;2;1;30;2;0;0;0;0;1;0;0;0;2;0
29;1166827;11;1;0;21;0;0;0;0;0;1;1;1;1;2;0
29;2950107;8;2;1;42;2;0;0;1;0;0;0;0;0;0;0
29;77559;7;2;0;49;0;0;0;0;0;1;0;0;0;0;0
29;722703;6;2;1;42;1;0;0;0;0;1;0;0;0;2;0
29;1483217;6;1;1;50;2;0;2;0;1;1;0;0;0;2;0
29;34668;6;2;0;43;2;0;0;1;0;1;1;1;0;2;0
29;2684334;9;1;1;37;1;0;0;1;1;0;0;0;1;0;0
29;115789;7;2;0;44;0;0;2;0;0;1;1;1;0;2;0
29;2804763;6;2;1;46;2;0;2;0;0;0;0;0;0;0;0
29;2769282;6;2;1;46;2;0;2;0;1;0;0;0;0;0;0
29;623703;8;2;1;37;3;0;0;1;0;1;0;0;1;0;0
29;1099249;6;2;2;57;4;0;0;1;0;1;1;0;0;2;0
29;422616;6;2;0;34;0;0;2;1;0;1;1;1;0;0;0
29;2746745;6;2;1;41;0;0;0;0;0;0;0;0;0;0;0
29;2281267;6;1;1;38;1;0;2;0;1;1;0;0;0;2;0
29;2015379;8;1;1;40;1;0;3;0;1;1;4;4;0;2;0
29;315161;9;1;0;40;0;0;2;0;0;1;1;0;0;2;0
29;1963875;9;2;1;32;2;0;0;0;0;1;0;0;0;2;0
29;2070567;6;2;0;23;0;0;0;0;0;1;1;0;0;2;0
29;2473782;6;2;0;25;0;0;0;0;0;0;0;0;0;0;0
29;2768617;6;2;1;37;1;0;0;0;0;0;0;0;1;0;0
29;1963330;6;2;1;42;3;0;2;0;1;1;0;0;0;2;0
29;1625201;6;2;1;31;2;0;0;0;0;1;0;0;0;2;0
29;267465;6;2;1;39;3;0;0;0;0;1;0;0;0;2;0
29;885418;6;1;1;32;1;0;2;0;1;1;0;0;0;2;0
29;1732420;6;2;0;24;0;0;2;0;1;1;0;0;0;2;0
29;2610385;7;2;1;45;2;0;0;0;0;0;0;0;1;0;0
29;1826428;6;2;1;37;2;0;0;0;0;1;0;0;0;2;0
29;1649344;6;2;0;35;0;0;0;0;0;1;0;0;0;2;0
29;1449212;7;2;3;56;2;0;4;0;1;1;1;1;0;2;0
29;2320627;6;1;0;39;0;0;2;0;1;1;0;0;0;2;0
29;220352;6;2;1;37;0;0;0;1;0;1;0;0;0;1;0
29;674949;6;1;1;37;3;0;2;1;0;1;0;0;0;2;0
29;383733;6;2;2;40;2;0;0;0;0;1;0;0;0;0;0
29;2454572;6;2;1;36;1;0;2;0;1;0;0;0;0;0;0
29;101275;6;2;1;51;1;0;4;0;0;1;0;0;0;0;0
29;2907744;6;2;0;33;1;0;0;1;0;0;0;0;0;0;0
29;145181;6;2;1;53;2;0;2;0;1;1;1;1;0;2;0
29;783898;6;1;2;38;0;0;2;0;0;1;0;0;0;2;0
29;105403;6;1;1;48;2;0;5;0;1;1;3;3;0;0;0
29;37662;7;1;2;40;0;0;2;1;1;1;0;0;0;2;0
29;2643318;6;2;0;40;4;0;0;0;0;0;0;0;0;0;0
29;99450;6;1;1;46;3;0;0;0;0;1;1;1;0;2;0
29;2889309;7;2;0;32;0;0;2;0;1;1;0;0;0;2;0
29;935690;6;2;2;38;1;0;0;1;0;1;0;0;0;2;0
29;1990677;4;1;1;42;3;0;0;1;0;1;0;0;0;2;0
29;2697826;7;1;0;46;2;0;3;0;1;0;0;0;0;0;0
29;87466;6;2;1;48;1;0;0;1;0;1;1;1;0;2;0
29;232179;6;2;1;39;4;0;0;0;0;1;0;0;0;2;0
29;1171086;6;2;1;47;0;0;2;0;1;1;1;1;0;2;0
29;91970;6;2;1;32;1;0;0;0;0;1;1;0;0;2;0
29;333503;7;2;1;44;0;0;2;0;1;1;0;0;0;2;0
29;2035131;7;2;1;37;3;0;0;0;0;1;1;1;0;2;0
29;2950601;8;2;0;27;1;0;2;0;1;0;0;0;0;0;0
29;2816460;6;2;0;37;0;0;0;1;0;0;0;0;0;0;0
29;1214701;7;2;0;24;0;0;0;0;0;1;0;0;0;2;0
29;1052627;6;2;0;52;0;0;2;0;1;1;0;0;0;2;0
29;2715950;7;2;1;46;1;0;0;0;0;0;0;0;1;0;0
29;222186;6;2;1;31;2;0;2;0;1;1;0;0;0;0;0
29;153227;6;2;1;48;4;0;2;0;1;1;1;0;0;0;0
29;46689;6;1;1;37;0;0;2;1;1;1;3;0;0;2;0
29;2754271;6;2;0;42;2;0;0;1;0;0;0;0;0;0;0
29;1176176;6;1;1;31;1;0;2;1;0;1;1;0;0;2;0
29;2294256;6;2;1;40;0;0;0;0;1;1;0;0;0;2;0
29;2414854;6;2;1;40;1;0;3;0;1;0;0;0;0;0;0
29;863344;7;2;1;45;0;0;0;0;0;1;1;1;0;2;0
29;102829;6;1;2;42;1;0;2;0;1;1;0;0;0;2;0
29;2122880;6;2;0;45;1;0;2;1;1;1;0;0;0;2;0
29;1995702;6;2;1;42;4;0;0;1;1;1;0;0;0;2;0
29;1745211;6;2;0;24;0;0;2;1;0;1;0;0;0;2;0
29;410636;8;2;1;39;4;0;0;0;0;1;1;1;0;2;0
29;77195;6;2;1;52;2;0;0;1;0;1;0;0;0;0;0
29;419386;6;2;1;39;5;0;3;1;1;1;0;0;0;2;0
29;2454011;6;2;0;44;1;0;2;1;1;0;0;0;0;0;0
29;2297558;7;2;0;32;0;0;2;1;0;1;0;0;0;2;0
29;2333297;6;2;1;32;1;0;2;0;1;1;0;0;1;2;0
29;655355;6;2;0;51;0;0;0;0;0;1;0;0;0;2;0
29;969536;7;2;1;40;0;0;0;1;0;1;0;0;0;2;0
29;335471;6;2;0;28;3;0;0;0;0;1;0;0;0;2;0
29;268179;7;2;1;37;3;0;2;0;1;1;1;0;0;0;0
29;1255878;6;1;0;27;0;0;2;1;1;1;0;1;0;2;0
29;2337214;6;2;1;36;2;0;2;0;1;1;0;0;0;2;0
29;2738788;6;1;0;23;0;0;0;1;0;0;0;0;0;0;0
29;2675066;6;1;0;24;0;0;0;0;0;0;0;0;0;0;0
29;1951348;6;2;1;35;2;0;2;0;1;1;0;0;0;2;0
29;2290938;6;2;1;39;2;0;2;0;1;1;1;1;0;2;0
29;2250224;7;2;0;29;2;0;0;0;0;1;0;0;0;2;0
29;1893324;6;2;1;49;0;0;0;0;0;1;0;0;0;2;0
29;1934847;6;2;1;43;2;0;0;0;0;1;0;0;0;2;0
29;1297240;6;2;1;35;3;0;0;1;0;1;1;1;0;2;0
29;592052;6;2;0;35;3;0;2;0;0;1;0;0;0;2;0
29;1957616;6;2;2;49;2;0;2;0;0;1;1;0;0;2;0
29;2686643;6;2;0;36;0;0;0;0;0;0;0;0;0;0;0
29;787839;6;1;1;50;0;0;0;0;0;1;0;0;0;2;0
29;1385072;6;2;0;26;0;0;0;1;0;1;1;0;0;2;0
29;2123226;7;2;0;37;1;0;0;0;0;1;0;0;1;2;0
29;1218079;6;2;0;33;0;0;0;0;0;1;0;0;0;2;0
29;2774885;6;2;1;29;0;0;3;0;1;0;0;0;0;0;0
29;2950845;6;1;1;34;1;0;5;0;1;0;0;0;0;0;0
29;1676704;5;1;1;49;3;0;0;1;1;1;0;0;0;2;0
29;336147;6;1;0;39;0;0;3;1;1;1;1;1;1;0;0
29;918669;6;2;0;26;0;0;0;0;0;1;0;0;0;2;0
29;2630660;6;2;1;51;0;0;0;1;1;0;0;0;0;0;0
29;2108633;6;2;1;29;1;0;2;0;1;1;1;0;0;2;0
29;1149225;2;2;0;42;0;0;2;0;1;1;0;0;0;2;0
29;377763;6;2;1;53;5;0;2;0;1;1;1;0;0;2;0
29;1275241;6;2;2;42;0;0;0;1;0;1;4;3;0;2;0
29;1999990;8;2;0;24;0;0;0;0;0;1;0;0;0;2;0
29;1428157;7;1;0;32;0;0;0;0;0;1;0;0;0;2;0
29;2841320;6;2;1;35;1;0;0;0;0;0;0;0;1;0;0
29;2951060;6;2;1;40;1;0;0;0;1;0;0;0;0;0;0
29;598682;6;2;1;27;0;0;0;0;0;1;1;0;0;2;0
29;1992779;6;2;0;36;1;0;2;0;1;1;0;0;0;2;0
29;1232520;7;2;1;39;0;0;0;1;0;1;0;0;0;2;0
29;2473427;7;2;2;53;3;0;0;0;0;0;0;0;0;0;0
29;2951173;11;2;1;39;1;0;2;0;1;0;0;0;0;0;0
29;2896110;8;2;0;29;0;0;0;1;0;0;0;0;0;0;0
29;540692;6;2;1;24;0;0;2;0;0;1;1;1;0;0;0
29;1048627;6;2;0;33;2;0;2;1;1;1;1;0;0;1;0
29;1287734;6;2;2;40;3;0;2;1;0;1;0;0;0;2;0
29;2547940;6;2;0;26;1;0;0;0;0;0;0;0;1;0;0
29;2951285;6;2;0;19;0;0;2;1;0;0;0;0;1;0;0
29;2082588;6;1;1;36;1;0;0;0;0;1;0;0;0;2;0
29;2674596;6;2;1;43;1;0;0;0;0;0;0;0;0;0;0
29;65814;6;2;0;49;1;0;2;0;0;1;0;0;0;2;0
3;2520055;6;1;0;26;1;0;2;0;0;0;0;0;0;0;0
3;2950277;3;1;0;25;0;0;0;0;0;0;0;0;0;0;0
3;2950522;1;1;0;28;0;0;0;1;0;0;0;0;0;0;0
3;2706599;6;1;0;26;0;0;0;1;0;0;0;0;1;0;0
3;2950604;2;1;0;41;2;0;0;0;0;0;0;0;0;0;0
3;2950627;6;1;1;43;0;0;2;1;1;0;0;0;0;0;0
3;2950833;6;1;1;43;2;0;2;0;1;0;0;0;0;0;0
3;2804124;6;1;2;31;2;0;0;1;0;0;0;0;0;0;0
3;2786784;6;1;0;25;0;0;0;1;0;0;0;0;0;0;0
3;2949425;3;1;1;24;2;0;0;0;0;0;0;0;0;0;0
3;2618914;7;1;0;22;0;0;0;1;0;0;0;0;0;0;0
3;951912;6;2;0;40;0;0;0;0;0;1;1;0;0;2;0
3;2940770;7;1;0;25;0;0;0;0;0;0;0;0;0;0;0
3;2537661;6;2;0;22;0;0;0;1;0;0;0;0;0;0;0
3;2391737;6;2;0;30;1;0;0;0;0;1;0;0;0;2;0
3;2949630;2;1;0;24;1;0;0;1;0;0;0;0;0;0;0
3;2906839;6;1;0;24;0;0;0;0;0;0;0;0;0;0;0
3;1746978;6;1;0;49;0;0;0;1;0;1;0;0;0;2;0
3;2949795;10;2;2;32;0;0;0;0;0;0;0;0;0;0;0
3;2949816;9;1;0;19;0;0;0;0;0;0;0;0;1;0;0
3;957732;9;1;1;51;0;0;0;1;0;1;1;0;0;2;0
3;2336603;11;1;1;39;1;0;2;1;1;1;1;0;0;2;0
3;2949993;6;2;0;24;0;0;0;1;0;0;0;0;0;0;0
3;1968254;6;2;1;36;0;0;0;1;0;1;0;0;0;2;0
3;2948860;7;2;0;22;1;0;0;0;0;0;0;0;0;0;0
3;2914126;9;2;2;35;2;0;0;0;0;0;0;0;0;0;0
3;2520055;6;1;0;26;1;0;2;0;0;0;0;0;0;0;0
3;2719124;6;1;1;38;2;0;2;1;1;0;0;0;0;0;0
3;1802605;10;2;1;43;0;0;0;0;0;1;0;0;0;2;0
3;2258594;9;2;0;23;0;0;0;1;0;1;1;1;0;2;0
3;1035088;6;2;0;37;0;0;0;1;0;1;0;0;0;2;0
3;2922816;6;2;0;30;2;0;0;1;0;0;0;0;0;0;0
3;2075930;11;1;0;53;0;0;0;1;0;1;1;1;0;2;0
3;2848740;10;2;0;22;0;0;0;1;0;0;0;0;0;0;0
3;2916866;6;2;1;29;0;0;2;0;1;0;0;0;0;0;0
3;1736069;6;2;2;39;1;0;0;1;0;1;0;0;0;2;0
3;2950427;6;2;0;22;0;0;0;0;0;0;0;0;0;0;0
3;1135397;10;1;0;24;0;0;2;1;0;1;4;1;0;2;0
3;2687034;6;2;0;25;0;0;2;0;0;0;0;0;0;0;0
3;2777765;3;2;0;19;0;0;0;1;1;0;0;0;1;0;0
3;2930710;6;2;0;22;1;0;0;0;0;0;0;0;0;0;0
3;2741054;6;2;0;26;1;0;0;0;0;0;0;0;0;0;0
3;2423230;6;2;0;37;1;0;0;1;0;0;0;0;0;0;0
3;852853;6;2;1;28;1;0;0;0;0;1;0;0;0;2;0
3;2870355;5;1;0;18;0;0;0;0;0;0;0;0;1;0;0
3;2931620;4;2;0;24;0;0;0;1;0;0;0;0;0;0;0
3;2951088;6;2;1;24;2;0;0;0;0;0;0;0;0;0;0
3;2503338;6;1;0;23;0;0;5;1;0;0;0;0;0;0;0
3;2492327;6;2;0;22;0;0;0;0;0;0;0;0;1;0;0
3;2951233;6;2;1;31;0;0;0;0;0;0;0;0;0;0;0
3;2159020;6;1;0;25;0;0;0;1;0;1;0;0;0;2;0
3;2278403;6;2;2;35;1;0;0;0;0;1;0;0;0;2;0
3;938069;6;2;1;23;0;1;0;0;0;1;1;1;0;2;0
3;2949891;6;2;0;23;0;0;0;1;0;0;0;0;0;0;0
3;2585889;6;2;0;29;0;0;0;1;0;0;0;0;0;0;0
3;2949951;4;2;1;40;2;0;0;1;0;0;0;0;1;0;0
3;2539552;2;2;0;27;0;0;0;1;0;0;0;0;0;0;0
3;2950064;6;2;1;32;0;0;0;0;0;0;0;0;0;0;0
3;2948860;7;2;0;22;1;0;0;0;0;0;0;0;0;0;0
3;2901436;6;2;1;25;0;0;2;0;1;0;0;0;0;0;0
3;2365915;6;2;0;21;0;0;0;1;0;0;0;0;0;0;0
3;2687035;6;2;0;39;1;0;0;1;0;0;0;0;0;0;0
3;1802605;10;2;1;43;0;0;0;0;0;1;0;0;0;2;0
3;1334364;8;2;1;40;1;0;2;0;1;1;0;0;1;2;0
3;2950267;6;2;0;25;0;0;0;1;0;0;0;0;0;0;0
3;2921123;6;2;0;24;1;0;0;0;0;0;0;0;0;0;0
3;2863737;3;2;0;22;1;0;0;0;0;0;0;0;0;0;0
3;1035088;6;2;0;37;0;0;0;1;0;1;0;0;0;2;0
3;2942067;6;2;0;28;1;0;0;0;0;0;0;0;0;0;0
3;2308872;6;2;0;27;0;0;0;0;0;1;0;0;0;2;0
3;2913008;6;2;1;30;0;0;0;0;0;0;0;0;0;0;0
3;2867093;6;1;0;49;0;0;0;1;0;0;0;0;0;0;0
3;1451410;10;2;0;32;0;0;0;0;0;1;0;0;0;2;0
3;2435641;6;2;0;39;0;0;0;0;0;0;0;0;0;0;0
3;2916866;6;2;1;29;0;0;2;0;1;0;0;0;0;0;0
3;2506947;6;2;0;42;1;0;0;0;0;0;0;0;0;0;0
3;1736069;6;2;2;39;1;0;0;1;0;1;0;0;0;2;0
3;2950427;6;2;0;22;0;0;0;0;0;0;0;0;0;0;0
3;2950881;6;2;0;25;0;0;0;0;0;0;0;0;0;0;0
3;2647558;10;2;0;19;0;0;0;1;0;0;0;0;0;0;0
3;1186490;6;2;0;34;1;0;0;1;0;1;0;0;0;1;0
3;2827551;6;2;0;33;0;0;0;1;0;0;0;0;0;0;0
3;2687034;6;2;0;25;0;0;2;0;0;0;0;0;0;0;0
3;1799519;6;2;0;27;0;0;0;0;0;1;0;0;1;2;0
3;852853;6;2;1;28;1;0;0;0;0;1;0;0;0;2;0
3;2951051;2;2;0;28;0;0;0;0;0;0;0;0;0;0;0
3;2720486;6;2;0;27;0;0;0;0;0;0;0;0;0;0;0
3;1968254;6;2;1;36;0;0;0;1;0;1;0;0;0;2;0
3;2755408;9;1;0;33;0;0;2;1;0;0;0;0;0;0;0
3;2888296;2;2;0;34;0;0;0;0;0;0;0;0;0;0;0
3;2877175;8;1;1;45;1;0;2;1;0;0;0;0;0;0;0
3;2950395;2;2;1;57;0;0;0;0;0;0;0;0;0;0;0
3;2950427;6;2;0;22;0;0;0;0;0;0;0;0;0;0;0
3;2950807;6;1;0;22;0;0;2;0;0;0;0;0;0;0;0
3;2503338;6;1;0;23;0;0;5;1;0;0;0;0;0;0;0
3;2492327;6;2;0;22;0;0;0;0;0;0;0;0;1;0;0
3;2787127;4;2;0;20;0;0;0;1;0;0;0;0;0;0;0
3;2949428;3;1;0;24;2;0;0;0;0;0;0;0;0;0;0
3;2618914;7;1;0;22;0;0;0;1;0;0;0;0;0;0;0
3;951912;6;2;0;40;0;0;0;0;0;1;1;0;0;2;0
3;2537661;6;2;0;22;0;0;0;1;0;0;0;0;0;0;0
3;2391737;6;2;0;30;1;0;0;0;0;1;0;0;0;2;0
3;2595433;9;2;0;41;2;0;0;0;0;0;0;0;0;0;0
3;1746978;6;1;0;49;0;0;0;1;0;1;0;0;0;2;0
3;596177;7;1;2;56;3;1;2;1;0;1;1;0;0;2;0
3;2949816;9;1;0;19;0;0;0;0;0;0;0;0;1;0;0
3;2585889;6;2;0;29;0;0;0;1;0;0;0;0;0;0;0
3;2928129;6;2;0;22;0;0;0;0;0;0;0;0;0;0;0
3;2948860;7;2;0;22;1;0;0;0;0;0;0;0;0;0;0
3;2719124;6;1;1;38;2;0;2;1;1;0;0;0;0;0;0
3;2763858;4;1;0;25;2;0;0;0;0;0;0;0;0;0;0
3;2950395;2;2;1;57;0;0;0;0;0;0;0;0;0;0;0
3;1736069;6;2;2;39;1;0;0;1;0;1;0;0;0;2;0
3;2950427;6;2;0;22;0;0;0;0;0;0;0;0;0;0;0
3;2950709;6;2;0;36;0;0;0;1;0;0;0;0;0;0;0
3;2923871;3;1;0;16;0;0;0;0;0;0;0;0;0;0;0
3;2585942;6;2;0;38;2;0;0;0;0;0;0;0;0;0;0
3;1966377;6;2;0;31;2;0;0;1;0;1;0;0;0;2;0
3;2950836;6;0;1;55;2;0;0;0;0;0;0;0;0;0;0
3;2948031;6;2;0;24;0;0;0;0;0;0;0;0;0;0;0
3;2687034;6;2;0;25;0;0;2;0;0;0;0;0;0;0;0
3;2777765;3;2;0;19;0;0;0;1;1;0;0;0;1;0;0
3;2533239;4;1;0;29;1;0;0;0;0;0;0;0;0;0;0
3;2741054;6;2;0;26;1;0;0;0;0;0;0;0;0;0;0
3;2423230;6;2;0;37;1;0;0;1;0;0;0;0;0;0;0
3;485598;11;1;0;31;0;0;0;1;0;1;3;1;0;2;0
3;1958974;6;1;0;25;0;0;0;1;0;1;0;0;0;2;0
3;1639886;3;1;0;42;2;0;0;0;0;1;0;0;0;2;0
3;1534835;6;1;1;51;0;0;0;0;0;1;1;1;0;2;0
3;2702533;3;2;0;40;2;0;0;0;0;0;0;0;0;0;0
3;2646222;6;1;1;48;2;0;0;1;0;0;0;0;0;0;0
3;2525565;11;2;1;40;1;0;0;0;0;0;0;0;0;0;0
3;1622617;6;1;0;39;0;0;0;1;0;1;0;0;0;2;0
3;2949967;2;2;0;21;1;0;0;0;0;0;0;0;0;0;0
3;2948860;7;2;0;22;1;0;0;0;0;0;0;0;0;0;0
3;2520055;6;1;0;26;1;0;2;0;0;0;0;0;0;0;0
3;2950395;2;2;1;57;0;0;0;0;0;0;0;0;0;0;0
3;2005560;9;2;2;39;1;0;0;0;0;1;1;1;0;2;0
3;2950427;6;2;0;22;0;0;0;0;0;0;0;0;0;0;0
3;2923871;3;1;0;16;0;0;0;0;0;0;0;0;0;0;0
3;1746978;6;1;0;49;0;0;0;1;0;1;0;0;0;2;0
3;665937;6;2;2;60;3;0;0;0;0;1;0;0;0;1;0
3;1799519;6;2;0;27;0;0;0;0;0;1;0;0;1;2;0
3;2423230;6;2;0;37;1;0;0;1;0;0;0;0;0;0;0
3;2492327;6;2;0;22;0;0;0;0;0;0;0;0;1;0;0
3;1622617;6;1;0;39;0;0;0;1;0;1;0;0;0;2;0
3;2702533;3;2;0;40;2;0;0;0;0;0;0;0;0;0;0
3;1837582;6;2;1;50;1;0;0;0;0;1;0;0;0;2;0
3;1283541;6;2;1;24;0;0;0;1;0;1;1;1;0;2;0
3;1848529;0;1;1;34;0;0;0;0;0;1;0;0;0;2;0
3;2949983;6;1;0;25;0;0;0;1;0;0;0;0;0;0;0
3;2950374;9;1;0;21;0;0;0;0;0;0;0;0;0;0;0
3;1501979;6;2;1;38;0;0;0;0;0;1;0;0;0;2;0
3;573847;6;2;0;42;2;0;0;0;0;1;0;0;0;2;0
3;1252095;6;1;0;37;0;0;0;1;0;1;0;0;0;2;0
13;2949254;11;2;0;28;0;0;0;1;0;0;0;0;0;0;0
13;2711632;11;2;1;43;1;0;2;0;1;0;0;0;0;0;0
13;43798;12;2;1;48;1;0;3;1;1;1;0;1;0;2;0
13;213102;12;1;0;41;0;0;3;1;0;1;1;1;0;0;0
13;1616198;12;1;0;33;0;0;3;1;1;1;1;0;0;2;0
13;2950514;12;2;1;41;0;0;2;1;1;0;0;0;0;0;0
13;37204;12;1;1;44;1;0;2;1;1;1;5;3;0;0;0
13;2151213;12;1;1;60;0;0;4;1;1;1;3;1;0;2;0
13;2889476;12;1;1;45;1;0;0;1;1;0;0;0;0;0;0
19;1076022;6;1;1;42;2;0;6;1;1;1;1;0;0;2;0
19;1075556;6;2;1;35;1;0;0;1;0;1;0;0;0;2;0
19;2386198;10;1;0;21;0;0;0;1;0;0;0;0;1;0;0
19;1691226;6;2;0;29;0;0;0;1;0;1;0;0;0;2;0
19;2945635;6;1;0;20;0;1;0;1;0;0;0;0;0;0;0
19;2095180;6;1;0;19;0;0;0;0;0;1;3;1;1;2;0
19;2607644;6;2;0;25;0;0;0;1;0;1;0;0;0;2;0
19;388752;6;1;0;25;0;0;0;1;0;1;2;1;0;0;0
19;2813314;2;1;1;44;1;0;5;0;0;0;0;0;0;0;0
19;2633110;3;1;0;51;2;0;0;1;1;0;0;0;0;0;0
19;2918049;11;1;0;27;0;0;3;0;1;0;0;0;0;0;0
1;2620101;11;1;0;29;0;0;2;1;1;0;0;0;0;0;1
22;2944394;3;1;1;30;0;0;0;0;0;1;0;0;0;2;1
22;508675;11;1;1;34;3;0;0;1;1;1;0;0;0;0;1
22;1771162;4;2;0;31;3;0;0;0;0;1;0;0;0;2;0
22;2934983;4;1;0;24;0;0;0;0;0;1;0;0;0;2;0
22;2723145;4;2;0;22;1;0;0;0;0;0;0;0;0;0;0
22;2899437;3;1;1;31;2;0;2;1;0;0;0;0;0;0;0
22;2949630;2;1;0;24;1;0;0;1;0;0;0;0;0;0;0
22;2945826;4;1;0;22;0;0;0;0;0;0;0;0;1;0;0
8;1348605;10;2;0;27;0;0;0;1;0;1;0;0;0;2;0
8;1998153;11;1;0;37;1;0;5;1;1;1;0;0;0;2;0
8;1666556;12;1;0;33;0;0;2;1;0;1;3;0;0;2;0
8;2262721;10;1;0;29;0;0;0;1;0;1;1;0;0;2;0
8;119467;11;1;1;30;3;0;2;1;1;1;1;1;0;2;0
8;2484321;11;1;0;26;0;0;0;1;0;0;0;0;0;0;0
8;9486;12;1;0;47;0;0;0;1;0;1;0;0;0;0;0
8;2830292;6;1;0;20;0;0;3;1;0;0;0;0;1;0;0
8;2944967;11;1;0;29;0;0;2;1;0;0;0;0;0;0;0
8;1248967;11;2;2;71;0;0;0;1;0;1;1;1;0;2;0
8;2942637;6;2;0;31;1;0;0;0;0;0;0;0;0;0;0
8;1457205;11;2;0;26;0;0;0;1;0;1;1;0;0;2;0
8;44707;12;1;0;44;0;0;2;1;1;1;3;0;0;2;0
8;353071;12;2;1;39;1;0;2;1;0;1;3;1;0;2;0
8;2769217;10;1;0;26;0;0;0;1;0;0;0;0;0;0;0
8;2782181;7;1;0;32;1;0;0;0;0;0;0;0;0;0;0
8;2787110;11;1;2;57;1;0;2;1;1;0;0;0;0;0;0
8;1921077;10;1;0;21;0;0;2;0;0;1;4;1;0;2;0
8;2198849;6;1;0;30;0;0;0;1;0;1;0;1;0;2;0
8;1264256;10;1;0;26;0;0;2;1;0;1;1;0;0;2;0
8;310581;6;1;0;33;0;1;2;1;1;1;0;0;0;2;0
8;2048266;10;2;0;32;0;0;2;1;0;1;0;1;0;2;0
8;2727399;10;2;0;26;0;0;0;1;0;0;0;0;0;0;0
8;1123898;10;1;0;28;0;0;2;0;0;1;4;0;0;2;0
8;2951221;11;2;0;22;0;0;0;1;0;0;0;0;0;0;0
20;2949106;6;1;0;22;0;0;0;0;0;0;0;0;0;0;0
20;2949125;6;2;0;17;1;0;0;0;0;0;0;0;0;0;0
20;2876273;6;2;0;21;0;0;0;1;0;0;0;0;0;0;0
20;93718;11;2;0;33;0;0;0;0;0;1;0;0;0;0;0
20;2949626;4;2;0;15;0;0;0;0;0;0;0;0;1;0;0
20;2949825;6;2;0;19;0;0;0;0;0;0;0;0;0;0;0
20;2297383;10;2;0;25;0;0;3;1;0;1;1;1;0;2;0
20;976168;11;2;0;23;0;0;0;1;0;1;0;0;0;2;0
20;2539951;6;1;0;18;0;0;0;1;0;0;0;0;0;0;0
20;2495523;6;2;0;18;0;0;0;1;0;0;0;0;0;0;0
20;2926943;6;2;0;32;2;0;0;1;0;0;0;0;0;0;0
20;2342198;6;1;0;23;0;0;0;0;0;1;0;0;0;2;0
20;2950620;8;2;0;18;0;0;0;1;0;0;0;0;1;0;0
20;1387868;10;2;0;27;0;0;2;1;0;1;1;0;0;2;0
1;500475;11;2;0;48;0;0;0;1;0;1;3;3;0;2;0
1;2949497;10;2;0;34;0;0;2;0;1;0;0;0;0;0;0
1;12744;10;2;0;50;0;0;2;1;0;1;1;0;0;2;0
1;2949690;10;2;0;19;0;0;0;0;0;0;0;0;1;0;0
1;2910980;10;2;0;31;0;0;0;1;0;0;0;0;0;0;0
1;2949741;10;2;0;30;0;0;0;1;0;0;0;0;0;0;0
1;2607997;6;1;1;38;3;1;3;1;1;0;0;0;0;0;0
1;112702;9;2;1;34;1;0;2;0;0;1;1;0;0;2;0
1;68083;9;2;0;34;1;0;3;0;0;1;1;0;0;2;0
1;623368;10;2;1;37;1;0;2;0;0;1;0;0;0;0;0
1;1738741;11;2;1;43;0;0;3;0;0;1;0;0;0;2;0
1;2950078;9;2;0;32;1;0;0;1;0;0;0;0;0;0;0
1;1454141;12;2;0;46;0;0;2;1;0;1;1;1;0;2;0
1;469148;11;1;1;35;1;0;2;0;0;1;1;1;0;0;0
1;1550421;6;2;1;29;2;0;0;0;1;1;0;0;0;2;0
1;2359533;10;2;0;22;0;0;0;0;0;0;0;0;0;0;0
1;2788832;10;2;0;31;0;0;0;0;0;0;0;0;0;0;0
1;537854;12;2;0;39;0;0;2;0;0;1;0;1;0;2;0
1;2060428;6;1;1;46;0;0;2;1;1;1;1;1;0;1;0
1;2279625;10;2;0;53;0;0;0;1;0;1;0;0;0;2;0
1;2933881;11;2;0;24;1;0;0;0;0;0;0;0;0;0;0
1;2558356;6;1;0;22;0;0;2;1;0;0;0;0;0;0;0
1;2951023;11;2;0;33;0;0;2;0;0;0;0;0;0;0;0
1;1087050;12;2;1;41;0;0;2;1;1;1;1;1;0;2;0
1;1875392;8;2;0;22;0;0;0;0;0;1;0;0;0;2;0
1;2047799;6;1;0;19;0;0;3;1;0;1;1;2;0;2;0
12;2286072;6;1;0;23;0;0;0;1;0;1;1;1;0;2;0
12;2876273;6;2;0;21;0;0;0;1;0;0;0;0;0;0;0
19;2936715;11;2;0;38;1;0;0;0;0;0;0;0;1;0;0
19;461623;6;2;0;33;1;0;2;0;0;1;1;0;0;2;0
19;2607644;6;2;0;25;0;0;0;1;0;1;0;0;0;2;0
19;1320605;12;1;1;45;0;0;3;1;1;1;3;3;0;2;0
19;881777;7;1;1;41;1;0;2;1;0;1;1;0;0;2;0
19;1998153;11;1;0;37;1;0;5;1;1;1;0;0;0;2;0
19;1659217;6;1;0;21;0;0;0;0;0;1;0;0;0;2;0
19;2931256;6;2;0;22;1;0;0;1;0;0;0;0;0;0;0
19;915437;11;2;0;27;0;0;0;0;0;1;0;0;0;2;0
19;2809209;8;2;1;32;0;0;2;0;0;0;0;0;0;0;0
19;9486;12;1;0;47;0;0;0;1;0;1;0;0;0;0;0
19;1111391;6;2;1;34;2;0;3;0;1;1;1;1;0;2;0
19;1446023;9;1;0;26;0;0;3;1;0;1;1;1;0;2;0
19;2949609;6;1;0;31;1;0;2;1;1;0;0;0;0;0;0
19;359653;8;2;0;25;1;0;0;1;0;1;1;1;0;2;0
19;515484;6;2;2;37;2;0;0;0;0;1;0;0;0;0;0
19;193278;6;2;0;29;0;0;0;0;0;1;0;0;0;2;0
19;2076653;6;1;0;28;0;0;0;0;0;1;0;0;0;2;0
19;1905119;10;2;0;20;0;0;0;1;0;1;0;0;0;2;0
19;2936331;6;2;1;51;3;0;2;0;0;0;0;0;0;0;0
19;2321097;6;1;0;24;0;0;0;1;0;1;1;1;0;2;0
19;31704;11;1;1;44;2;0;2;0;1;1;1;1;0;2;0
19;1597895;6;2;0;31;4;0;0;1;0;1;1;1;0;2;0
19;865937;6;2;0;33;1;0;0;0;0;1;1;0;0;2;0
19;593492;6;2;1;52;1;0;0;1;0;1;0;0;0;2;0
19;353071;12;2;1;39;1;0;2;1;0;1;3;1;0;2;0
19;2950245;9;2;0;41;2;0;0;0;0;0;0;0;0;0;0
19;2623146;6;2;1;29;0;0;0;0;0;1;0;0;0;2;0
19;1513655;6;1;0;23;1;0;0;1;0;1;0;0;0;2;0
19;1107605;9;2;0;31;0;0;0;0;0;1;0;0;0;2;0
19;1933064;6;2;0;28;1;0;0;1;0;1;0;0;0;2;0
19;2950378;9;1;0;21;1;0;3;1;0;0;0;0;0;0;0
19;1171779;6;2;0;37;0;0;3;0;0;1;0;0;0;2;0
19;2680354;11;2;0;35;0;0;0;0;0;0;0;0;0;0;0
19;2895006;6;1;1;30;0;0;0;0;0;0;0;0;0;0;0
19;436413;6;1;2;40;0;0;0;0;0;1;0;0;0;0;0
19;2019114;10;1;0;22;0;0;0;0;0;1;1;1;0;2;0
19;732876;6;1;1;35;0;0;0;1;0;1;0;0;0;2;0
19;2815974;6;2;0;36;3;0;0;0;1;0;0;0;0;0;0
19;2650014;6;2;1;30;2;0;2;0;0;0;0;0;0;0;0
19;2950668;6;1;1;20;0;0;0;1;0;0;0;0;0;0;0
19;1120681;6;1;0;21;0;0;0;0;0;1;1;1;0;2;0
19;1775316;6;2;0;43;2;0;2;0;1;1;0;0;0;2;0
19;2855262;6;1;0;24;0;0;0;0;0;0;0;0;0;0;0
19;2480256;6;2;0;20;1;0;0;1;0;0;0;0;0;0;0
19;2568314;8;2;0;19;0;0;0;0;0;0;0;0;0;0;0
19;1163082;11;2;1;41;2;0;2;1;1;1;1;0;0;2;0
19;2269828;6;2;2;35;1;0;0;0;0;1;0;0;0;2;0
19;2198849;6;1;0;30;0;0;0;1;0;1;0;1;0;2;0
19;2430182;6;1;1;37;1;0;0;1;1;0;0;0;0;0;0
19;1913287;6;2;1;45;0;0;0;0;0;1;0;0;0;2;0
19;2078976;6;1;0;19;0;0;0;1;0;1;0;0;0;2;0
19;2950841;11;2;0;26;0;0;3;1;0;0;0;0;0;0;0
19;368611;6;2;0;45;1;0;2;0;1;1;0;0;0;2;0
19;1657966;6;1;0;21;0;0;3;1;0;1;0;1;1;2;0
19;2938599;6;1;0;21;0;0;0;0;0;0;0;0;0;0;0
19;2331308;8;2;1;39;0;0;0;0;0;1;0;0;0;2;0
19;388752;6;1;0;25;0;0;0;1;0;1;2;1;0;0;0
29;600628;10;1;1;53;0;0;2;1;1;1;1;1;0;2;0
29;173405;6;2;0;31;0;0;0;1;0;1;1;0;0;2;0
29;2949106;6;1;0;22;0;0;0;0;0;0;0;0;0;0;0
29;2876273;6;2;0;21;0;0;0;1;0;0;0;0;0;0;0
29;1279100;6;2;0;24;1;0;2;0;0;1;1;1;0;2;0
29;658980;7;1;1;30;1;0;2;1;0;1;1;1;0;2;0
29;2336594;11;2;0;33;0;0;0;0;0;1;0;0;0;2;0
29;2820550;9;1;0;22;1;0;2;1;0;0;0;0;0;0;0
29;1998153;11;1;0;37;1;0;5;1;1;1;0;0;0;2;0
29;1659217;6;1;0;21;0;0;0;0;0;1;0;0;0;2;0
29;1844467;6;2;0;22;0;0;0;1;0;1;1;0;0;2;0
29;1002785;6;2;1;31;1;0;2;0;0;1;0;0;0;2;0
29;2791532;6;2;0;20;0;0;0;1;0;0;0;0;0;0;0
29;486737;6;2;0;37;0;0;0;0;0;1;0;0;0;0;0
29;93718;11;2;0;33;0;0;0;0;0;1;0;0;0;0;0
29;1446023;9;1;0;26;0;0;3;1;0;1;1;1;0;2;0
29;160977;10;2;1;38;0;0;0;0;0;1;0;0;1;2;0
29;363137;11;2;1;34;2;0;2;0;1;1;1;0;0;0;0
29;322820;6;2;0;42;0;0;0;1;0;1;0;0;0;2;0
29;2949839;6;2;0;22;0;0;0;0;0;0;0;0;0;0;0
29;89800;4;2;1;46;3;0;0;1;0;1;1;0;0;0;0
29;2266907;8;2;0;32;0;0;0;1;0;1;0;0;0;2;0
29;2539951;6;1;0;18;0;0;0;1;0;0;0;0;0;0;0
29;2914618;10;2;0;21;0;0;0;0;0;0;0;0;0;0;0
29;1667328;6;2;0;27;1;0;0;0;0;1;0;0;0;2;0
29;1024107;6;2;0;26;2;0;0;1;0;1;0;0;0;2;0
29;1465586;6;2;0;48;0;0;2;1;0;1;0;1;0;1;0
29;739659;6;2;1;34;1;0;0;0;0;1;4;1;0;2;0
29;2942048;6;2;0;19;0;0;2;0;0;0;0;0;0;0;0
29;50157;12;2;0;39;0;0;2;1;0;1;3;0;0;2;0
29;2475817;6;2;1;29;0;0;0;0;0;1;0;0;0;2;0
29;2782181;7;1;0;32;1;0;0;0;0;0;0;0;0;0;0
29;1372512;10;2;0;21;0;0;0;0;0;1;2;0;1;2;0
29;2807682;10;2;0;44;0;0;0;0;0;0;0;0;0;0;0
29;1918534;6;2;1;42;3;0;2;0;0;1;0;0;0;2;0
29;2204257;6;2;0;33;0;0;0;0;0;1;0;0;1;2;0
29;2270401;11;2;0;22;0;0;3;0;1;1;0;0;0;2;0
29;2270401;11;2;0;22;0;0;3;0;1;1;0;0;0;2;0
29;2270401;11;2;0;22;0;0;3;0;1;1;0;0;0;2;0
29;2270401;11;2;0;22;0;0;3;0;1;1;0;0;0;2;0
29;2270401;11;2;0;22;0;0;3;0;1;1;0;0;0;2;0
29;2270401;11;2;0;22;0;0;3;0;1;1;0;0;0;2;0
29;2270401;11;2;0;22;0;0;3;0;1;1;0;0;0;2;0
29;2102578;10;2;1;38;0;0;0;0;0;1;0;0;0;2;0
29;405276;6;2;1;32;0;0;0;1;1;1;1;0;0;2;0
29;390813;6;1;1;42;2;0;2;1;1;1;1;0;0;2;0
29;1397471;6;2;1;27;1;0;0;0;0;1;0;0;0;2;0
29;1398250;6;2;0;47;0;0;0;1;0;1;0;0;0;2;0
29;1518816;6;2;0;44;1;0;0;0;0;1;0;0;0;2;0
29;1917274;6;2;1;29;2;0;0;1;0;1;0;0;0;2;0
29;1263042;7;2;3;50;0;0;0;1;0;1;0;0;0;2;0
29;2731338;10;1;0;20;0;0;0;0;0;0;0;0;0;0;0
29;898344;6;2;0;41;0;0;0;1;0;1;0;0;0;2;0
29;215592;6;2;1;30;3;0;0;0;0;1;1;0;0;2;0
29;2907809;10;2;0;20;0;0;0;1;0;0;0;0;0;0;0
29;979412;12;2;1;28;0;0;2;1;1;1;0;0;0;2;0
29;376149;6;2;0;40;1;0;0;1;0;1;1;1;0;2;0
29;726913;12;2;1;35;1;0;2;0;0;1;0;1;0;2;0
29;2950668;6;1;1;20;0;0;0;1;0;0;0;0;0;0;0
29;2249544;11;2;0;42;0;0;2;0;0;1;0;0;0;2;0
29;2211202;0;2;0;30;2;0;0;0;0;1;0;0;0;2;0
29;2497365;6;2;0;51;0;0;0;0;0;0;0;0;0;0;0
29;1715630;6;2;0;20;0;0;0;0;0;1;0;0;0;2;0
29;1399412;9;2;0;21;0;0;0;1;0;1;1;0;0;2;0
29;1892919;9;2;1;25;1;0;0;0;0;1;0;1;0;2;0
29;1500860;4;2;2;49;0;0;0;0;0;1;0;0;0;2;0
29;2204187;11;2;2;49;3;0;0;0;0;1;0;0;0;2;0
29;169021;6;2;1;36;1;0;2;0;1;1;0;0;0;0;0
29;2087471;11;2;0;24;0;0;2;0;0;1;0;0;0;2;0
29;1895586;6;1;0;21;0;0;0;1;0;1;3;3;0;2;0
29;2198849;6;1;0;30;0;0;0;1;0;1;0;1;0;2;0
29;1287919;6;2;0;36;0;0;0;0;0;1;0;0;0;2;0
29;177510;11;2;0;37;0;0;0;1;0;1;1;0;0;2;0
29;1305549;6;2;0;20;0;0;0;1;0;1;1;0;0;2;0
29;899003;7;2;0;34;0;0;2;0;1;1;0;0;0;2;0
29;923311;8;2;0;44;0;0;2;1;0;1;0;0;0;2;0
29;2677470;6;2;1;28;0;0;0;0;0;0;0;0;0;0;0
29;2580120;6;2;0;27;0;0;2;0;0;0;0;0;0;0;0
29;2880505;10;2;0;22;1;0;0;0;0;0;0;0;0;0;0
29;2896540;6;1;1;38;0;0;0;0;0;0;0;0;0;0;0
29;2951073;6;2;0;19;0;0;0;0;0;0;0;0;1;0;0
29;150449;8;2;0;30;0;0;0;0;0;1;0;0;0;2;0
29;1606710;10;2;0;21;0;0;0;1;0;1;1;1;0;2;0
29;2946883;6;1;1;34;0;0;2;0;1;0;0;0;0;0;0
29;2205388;11;2;0;30;0;0;2;0;0;1;0;0;0;2;0
29;571937;10;2;0;29;0;0;2;1;0;1;1;1;0;0;0
29;2772708;11;2;0;27;0;0;0;1;0;0;0;0;0;0;0
29;2618295;6;2;0;21;0;0;0;0;0;0;0;0;0;0;0
29;1841645;10;2;0;20;0;0;0;0;0;1;1;4;0;2;0
29;2913761;10;1;0;24;0;0;2;0;1;0;0;0;0;0;0
29;1658145;9;2;0;21;1;0;0;0;0;1;1;1;0;2;0
29;1593510;6;1;0;21;0;0;2;1;1;1;1;0;0;2;0
22;2949106;6;1;0;22;0;0;0;0;0;0;0;0;0;0;0
22;2494386;11;2;0;28;0;0;0;1;0;0;0;0;0;0;0
22;1426611;6;2;0;30;0;0;0;1;0;1;0;0;0;2;0
22;2301896;6;2;1;34;2;0;2;0;1;1;0;0;0;2;0
22;1166913;7;1;1;57;0;0;2;1;1;1;1;0;0;2;0
22;632374;10;2;2;39;2;0;0;0;0;1;1;1;0;2;0
22;2090680;6;2;0;33;1;0;2;0;0;1;0;0;0;2;0
22;2949626;4;2;0;15;0;0;0;0;0;0;0;0;1;0;0
22;2855079;6;1;0;38;0;0;0;1;0;0;0;0;0;0;0
22;158959;8;1;1;34;1;0;0;0;0;1;0;0;0;2;0
22;293070;10;1;1;40;0;0;0;1;0;1;0;0;0;1;0
22;1325606;6;1;1;33;0;0;0;1;0;1;0;0;0;2;0
22;2571420;11;1;0;37;1;0;0;1;1;0;0;0;0;0;0
22;2086930;10;2;0;32;0;0;2;1;0;1;0;0;0;2;0
22;2554254;6;1;0;38;0;0;0;1;0;0;0;0;0;0;0
22;1395606;6;1;0;28;0;0;0;1;0;1;0;0;0;2;0
22;195251;6;1;0;57;0;0;5;0;0;1;0;0;0;2;0
22;1631545;6;2;2;43;0;0;0;0;0;1;0;0;0;2;0
22;592187;11;1;1;46;0;0;3;1;1;1;4;0;0;2;0
22;2289056;7;1;1;41;1;0;2;1;0;1;1;0;0;2;0
22;2917383;6;2;0;21;0;0;0;0;0;0;0;0;0;0;0
22;2188991;6;2;1;37;1;0;0;0;0;1;0;0;0;2;0
22;1904004;4;2;1;30;0;0;0;0;0;1;0;0;0;2;0
22;2442836;6;1;0;17;0;0;0;1;0;0;0;0;1;0;0
22;782211;9;2;1;26;2;0;0;1;0;1;1;1;0;2;0
22;1212197;6;2;1;33;3;0;0;0;0;1;0;0;0;2;0
